,ID,BookTitle,Price,Rate,Category
0,1,It's Only the Himalayas,45.17,2,Travel
1,2,Full Moon over Noahâs Ark: An Odyssey to Mount Ararat and Beyond,49.43,4,Travel
2,3,See America: A Celebration of Our National Parks & Treasured Sites,48.87,3,Travel
3,4,Vagabonding: An Uncommon Guide to the Art of Long-Term World Travel,36.94,2,Travel
4,5,Under the Tuscan Sun,37.33,3,Travel
5,6,A Summer In Europe,44.34,2,Travel
6,7,The Great Railway Bazaar,30.54,1,Travel
7,8,A Year in Provence (Provence #1),56.88,4,Travel
8,9,The Road to Little Dribbling: Adventures of an American in Britain (Notes From a Small Island #2),23.21,1,Travel
9,10,Neither Here nor There: Travels in Europe,38.95,3,Travel
10,11,"1,000 Places to See Before You Die",26.08,5,Travel
11,12,Sharp Objects,47.82,4,Mystery
12,13,"In a Dark, Dark Wood",19.63,3,Mystery
13,14,The Past Never Ends,56.5,4,Mystery
14,15,A Murder in Time,16.64,3,Mystery
15,16,The Murder of Roger Ackroyd (Hercule Poirot #4),44.1,4,Mystery
16,18,That Darkness (Gardiner and Renner #1),13.92,3,Mystery
17,19,Tastes Like Fear (DI Marnie Rome #3),10.69,3,Mystery
18,20,A Time of Torment (Charlie Parker #14),48.35,5,Mystery
19,21,A Study in Scarlet (Sherlock Holmes #1),16.73,3,Mystery
20,22,Poisonous (Max Revere Novels #3),26.8,3,Mystery
21,23,Murder at the 42nd Street Library (Raymond Ambler #1),54.36,4,Mystery
22,24,Most Wanted,35.28,3,Mystery
23,25,Hide Away (Eve Duncan #20),11.84,3,Mystery
24,26,Boar Island (Anna Pigeon #19),59.48,3,Mystery
25,27,The Widow,27.26,2,Mystery
26,28,Playing with Fire,13.71,3,Mystery
27,29,What Happened on Beale Street (Secrets of the South Mysteries #2),25.37,5,Mystery
28,30,The Bachelor Girl's Guide to Murder (Herringford and Watts Mysteries #1),52.3,5,Mystery
29,31,Delivering the Truth (Quaker Midwife Mystery #1),20.89,4,Mystery
30,32,The Mysterious Affair at Styles (Hercule Poirot #1),24.8,4,Mystery
31,33,In the Woods (Dublin Murder Squad #1),38.38,2,Mystery
32,34,The Silkworm (Cormoran Strike #2),23.05,5,Mystery
33,35,The Exiled,43.45,3,Mystery
34,36,The Cuckoo's Calling (Cormoran Strike #1),19.21,3,Mystery
35,37,Extreme Prey (Lucas Davenport #26),25.4,3,Mystery
36,38,Career of Evil (Cormoran Strike #3),24.72,2,Mystery
37,39,The No. 1 Ladies' Detective Agency (No. 1 Ladies' Detective Agency #1),57.7,4,Mystery
38,40,The Girl You Lost,12.29,3,Mystery
39,41,The Girl In The Ice (DCI Erika Foster #1),15.85,3,Mystery
40,42,Blood Defense (Samantha Brinkman #1),20.3,3,Mystery
41,45,Forever and Forever: The Courtship of Henry Longfellow and Fanny Appleton,29.69,3,Historical Fiction
42,46,A Flight of Arrows (The Pathfinders #2),55.53,5,Historical Fiction
43,47,The House by the Lake,36.95,1,Historical Fiction
44,48,Mrs. Houdini,30.25,5,Historical Fiction
45,49,The Marriage of Opposites,28.08,4,Historical Fiction
46,50,Glory over Everything: Beyond The Kitchen House,45.84,3,Historical Fiction
47,51,"Love, Lies and Spies",20.55,2,Historical Fiction
48,52,A Paris Apartment,39.01,4,Historical Fiction
49,53,Lilac Girls,17.28,3,Historical Fiction
50,54,The Constant Princess (The Tudor Court #1),16.62,3,Historical Fiction
51,55,The Invention of Wings,37.34,1,Historical Fiction
52,56,World Without End (The Pillars of the Earth #2),32.97,4,Historical Fiction
53,57,The Passion of Dolssa,28.32,5,Historical Fiction
54,58,Girl With a Pearl Earring,26.77,1,Historical Fiction
55,59,Voyager (Outlander #3),21.07,5,Historical Fiction
56,60,The Red Tent,35.66,5,Historical Fiction
57,62,The Guernsey Literary and Potato Peel Pie Society,49.53,1,Historical Fiction
58,63,Girl in the Blue Coat,46.83,2,Historical Fiction
59,64,Between Shades of Gray,20.79,5,Historical Fiction
60,65,While You Were Mine,41.32,5,Historical Fiction
61,66,The Secret Healer,34.56,3,Historical Fiction
62,67,Starlark,25.83,3,Historical Fiction
63,68,Lost Among the Living,27.7,4,Historical Fiction
64,69,A Spy's Devotion (The Regency Spies of London #1),16.97,3,Historical Fiction
65,70,Scott Pilgrim's Precious Little Life (Scott Pilgrim #1),52.29,5,Sequential Art
66,71,Tsubasa: WoRLD CHRoNiCLE 2 (Tsubasa WoRLD CHRoNiCLE #2),16.28,3,Sequential Art
67,72,This One Summer,19.49,3,Sequential Art
68,73,The Nameless City (The Nameless City #1),38.16,4,Sequential Art
69,75,"Rat Queens, Vol. 3: Demons (Rat Queens (Collected Editions) #11-15)",50.4,3,Sequential Art
70,76,"Princess Jellyfish 2-in-1 Omnibus, Vol. 01 (Princess Jellyfish 2-in-1 Omnibus #1)",13.61,3,Sequential Art
71,77,"Pop Gun War, Volume 1: Gift",18.97,3,Sequential Art
72,78,Patience,10.16,3,Sequential Art
73,79,"Outcast, Vol. 1: A Darkness Surrounds Him (Outcast #1)",15.44,3,Sequential Art
74,80,orange: The Complete Collection 1 (orange: The Complete Collection #1),48.41,1,Sequential Art
75,81,"Lumberjanes, Vol. 2: Friendship to the Max (Lumberjanes #5-8)",46.91,2,Sequential Art
76,82,"Lumberjanes, Vol. 1: Beware the Kitten Holy (Lumberjanes #1-4)",45.61,3,Sequential Art
77,83,Lumberjanes Vol. 3: A Terrible Plan (Lumberjanes #9-12),19.92,3,Sequential Art
78,84,"I Hate Fairyland, Vol. 1: Madly Ever After (I Hate Fairyland (Compilations) #1-5)",29.17,2,Sequential Art
79,85,I am a Hero Omnibus Volume 1,54.63,3,Sequential Art
80,86,"Giant Days, Vol. 2 (Giant Days #5-8)",22.11,2,Sequential Art
81,87,Danganronpa Volume 1,51.99,4,Sequential Art
82,88,"Codename Baboushka, Volume 1: The Conclave of Death",36.72,4,Sequential Art
83,89,Camp Midnight,17.08,3,Sequential Art
84,90,"Bitch Planet, Vol. 1: Extraordinary Machine (Bitch Planet (Collected Editions))",37.92,2,Sequential Art
85,91,The Shadow Hero (The Shadow Hero),33.14,1,Sequential Art
86,92,"Fables, Vol. 1: Legends in Exile (Fables #1)",41.62,4,Sequential Art
87,93,Batman: The Long Halloween (Batman),36.5,2,Sequential Art
88,94,Batman: The Dark Knight Returns (Batman),15.38,3,Sequential Art
89,95,"Wonder Woman: Earth One, Volume One (Wonder Woman: Earth One #1)",37.34,4,Sequential Art
90,97,Through the Woods,25.38,2,Sequential Art
91,98,Superman Vol. 1: Before Truth (Superman by Gene Luen Yang #1),11.89,3,Sequential Art
92,99,"So Cute It Hurts!!, Vol. 6 (So Cute It Hurts!! #6)",35.43,4,Sequential Art
93,100,Robin War,47.82,3,Sequential Art
94,101,"Red Hood/Arsenal, Vol. 1: Open for Business (Red Hood/Arsenal #1)",25.48,2,Sequential Art
95,102,"Naruto (3-in-1 Edition), Vol. 14: Includes Vols. 40, 41 & 42 (Naruto: Omnibus #14)",38.39,2,Sequential Art
96,104,El Deafo,57.62,5,Sequential Art
97,105,Batman: Europa,32.01,2,Sequential Art
98,106,Art Ops Vol. 1,48.8,3,Sequential Art
99,107,"Adulthood Is a Myth: A ""Sarah's Scribbles"" Collection",10.9,3,Sequential Art
100,108,"Fruits Basket, Vol. 9 (Fruits Basket #9)",33.95,4,Sequential Art
101,109,Roller Girl,14.1,3,Sequential Art
102,110,"Fruits Basket, Vol. 7 (Fruits Basket #7)",19.57,3,Sequential Art
103,111,"Fruits Basket, Vol. 6 (Fruits Basket #6)",20.96,4,Sequential Art
104,112,"Death Note, Vol. 6: Give-and-Take (Death Note #6)",36.39,3,Sequential Art
105,113,"Fruits Basket, Vol. 5 (Fruits Basket #5)",16.33,3,Sequential Art
106,115,"The Demon Prince of Momochi House, Vol. 4 (The Demon Prince of Momochi House #4)",27.88,2,Sequential Art
107,116,"Fruits Basket, Vol. 4 (Fruits Basket #4)",50.44,4,Sequential Art
108,117,"The Wicked + The Divine, Vol. 3: Commercial Suicide (The Wicked + The Divine)",14.41,3,Sequential Art
109,118,"The Sandman, Vol. 3: Dream Country (The Sandman (volumes) #3)",55.55,5,Sequential Art
110,119,"Saga, Volume 3 (Saga (Collected Editions) #3)",21.57,5,Sequential Art
111,120,Prodigy: The Graphic Novel (Legend: The Graphic Novel #2),43.63,3,Sequential Art
112,121,Persepolis: The Story of a Childhood (Persepolis #1-2),39.13,1,Sequential Art
113,122,Original Fake,31.45,3,Sequential Art
114,123,"Grayson, Vol 3: Nemesis (Grayson #3)",42.72,1,Sequential Art
115,124,"Fruits Basket, Vol. 3 (Fruits Basket #3)",45.17,2,Sequential Art
116,125,"Black Butler, Vol. 1 (Black Butler #1)",49.31,1,Sequential Art
117,126,Awkward,38.02,2,Sequential Art
118,128,"Saga, Volume 2 (Saga (Collected Editions) #2)",11.75,3,Sequential Art
119,129,"Fruits Basket, Vol. 2 (Fruits Basket #2)",11.64,3,Sequential Art
120,130,"Y: The Last Man, Vol. 1: Unmanned (Y: The Last Man #1)",18.51,3,Sequential Art
121,131,"The Wicked + The Divine, Vol. 1: The Faust Act (The Wicked + The Divine)",36.52,2,Sequential Art
122,132,"The Sandman, Vol. 1: Preludes and Nocturnes (The Sandman (volumes) #1)",54.12,3,Sequential Art
123,133,The Complete Maus (Maus #1-2),10.64,3,Sequential Art
124,134,"Skip Beat!, Vol. 01 (Skip Beat! #1)",42.12,3,Sequential Art
125,135,"Saga, Volume 1 (Saga (Collected Editions) #1)",28.48,1,Sequential Art
126,136,"Rat Queens, Vol. 1: Sass & Sorcery (Rat Queens (Collected Editions) #1-5)",46.96,5,Sequential Art
127,137,"Paper Girls, Vol. 1 (Paper Girls #1-5)",21.71,4,Sequential Art
128,138,"Ouran High School Host Club, Vol. 1 (Ouran High School Host Club #1)",29.87,3,Sequential Art
129,139,"Ms. Marvel, Vol. 1: No Normal (Ms. Marvel (2014-2015) #1)",39.39,4,Sequential Art
130,140,"Hawkeye, Vol. 1: My Life as a Weapon (Hawkeye #1)",45.24,3,Sequential Art
131,141,"Giant Days, Vol. 1 (Giant Days #1-4)",56.76,4,Sequential Art
132,142,"Fruits Basket, Vol. 1 (Fruits Basket #1)",40.28,5,Sequential Art
133,143,"Bleach, Vol. 1: Strawberry and the Soul Reapers (Bleach #1)",34.65,5,Sequential Art
134,144,"Ajin: Demi-Human, Volume 1 (Ajin: Demi-Human #1)",57.06,4,Sequential Art
135,145,The Secret Garden,15.08,3,Classics
136,146,The Metamorphosis,28.58,1,Classics
137,148,The Hound of the Baskervilles (Sherlock Holmes #5),14.82,3,Classics
138,149,Little Women (Little Women #1),28.07,4,Classics
139,150,Gone with the Wind,32.49,3,Classics
140,151,Candide,58.63,3,Classics
141,152,Animal Farm,57.22,3,Classics
142,153,Wuthering Heights,17.73,3,Classics
143,154,The Picture of Dorian Gray,29.7,2,Classics
144,155,The Complete Stories and Poems (The Works of Edgar Allan Poe [Cameo Edition]),26.78,4,Classics
145,156,Beowulf,38.35,2,Classics
146,157,And Then There Were None,35.01,2,Classics
147,158,The Story of Hong Gildong,43.19,4,Classics
148,159,The Little Prince,45.42,2,Classics
149,160,Sense and Sensibility,37.46,1,Classics
150,161,Of Mice and Men,47.11,2,Classics
151,162,Emma,32.93,2,Classics
152,164,Sophie's World,15.94,3,Philosophy
153,165,The Death of Humanity: and the Case for Life,58.11,4,Philosophy
154,166,The Stranger,17.44,3,Philosophy
155,168,Kierkegaard: A Christian Missionary to Christians,47.13,1,Philosophy
156,169,"At The Existentialist CafÃ©: Freedom, Being, and apricot cocktails with: Jean-Paul Sartre, Simone de Beauvoir, Albert Camus, Martin Heidegger, Edmund Husserl, Karl Jaspers, Maurice Merleau-Ponty and others",29.93,5,Philosophy
157,170,Critique of Pure Reason,20.75,1,Philosophy
158,171,"Run, Spot, Run: The Ethics of Keeping Pets",20.02,1,Philosophy
159,172,The Nicomachean Ethics,36.34,1,Philosophy
160,173,Meditations,25.89,2,Philosophy
161,174,Beyond Good and Evil,43.38,1,Philosophy
162,175,Chase Me (Paris Nights #2),25.27,5,Romance
163,176,Black Dust,34.53,5,Romance
164,177,Her Backup Boyfriend (The Sorensen Family #1),33.97,1,Romance
165,178,First and First (Five Boroughs #3),15.97,3,Romance
166,179,Fifty Shades Darker (Fifty Shades #2),21.96,1,Romance
167,180,The Wedding Dress,24.12,1,Romance
168,182,Something More Than This,16.24,3,Romance
169,183,Doing It Over (Most Likely To #1),35.61,3,Romance
170,184,The Wedding Pact (The O'Malleys #2),32.61,3,Romance
171,185,Hold Your Breath (Search and Rescue #1),28.82,1,Romance
172,186,Dirty (Dive Bar #1),40.83,4,Romance
173,187,Take Me Home Tonight (Rock Star Romance #3),53.98,3,Romance
174,188,Off the Hook (Fishing for Trouble #1),47.67,3,Romance
175,189,A Gentleman's Position (Society of Gentlemen #3),14.75,3,Romance
176,190,"Sit, Stay, Love",20.9,3,Romance
177,191,A Girl's Guide to Moving On (New Beginnings #2),31.3,1,Romance
178,192,The Perfect Play (Play by Play #1),59.99,3,Romance
179,193,Dark Lover (Black Dagger Brotherhood #1),12.87,3,Romance
180,194,Changing the Game (Play by Play #2),13.38,3,Romance
181,196,The Purest Hook (Second Circle Tattoos #3),12.25,3,Romance
182,197,The Obsession,45.43,1,Romance
183,198,Reservations for Two,11.1,3,Romance
184,199,Best of My Love (Fool's Gold #20),27.41,2,Romance
185,200,Where Lightning Strikes (Bleeding Stars #3),39.77,3,Romance
186,201,This One Moment (Pushing Limits #1),48.71,1,Romance
187,202,"Rhythm, Chord & Malykhin",28.34,2,Romance
188,203,My Perfect Mistake (Over the Top #1),38.92,2,Romance
189,204,Listen to Me (Fusion #1),58.99,3,Romance
190,205,Imperfect Harmony,34.74,4,Romance
191,206,Fighting Fate (Fighting #6),39.24,3,Romance
192,207,Deep Under (Walker Security #1),47.09,5,Romance
193,208,Charity's Cross (Charles Towne Belles #4),41.24,1,Romance
194,209,Bounty (Colorado Mountain #7),37.26,4,Romance
195,210,I Had a Nice Time And Other Lies...: How to find love & sh*t like that,57.36,4,Womens Fiction
196,211,Will You Won't You Want Me?,13.86,3,Womens Fiction
197,212,Keep Me Posted,20.46,4,Womens Fiction
198,213,Grey (Fifty Shades #4),48.49,4,Womens Fiction
199,214,Meternity,43.58,3,Womens Fiction
200,215,Some Women,13.73,3,Womens Fiction
201,216,Shopaholic Ties the Knot (Shopaholic #3),48.39,5,Womens Fiction
202,217,Can You Keep a Secret?,21.94,1,Womens Fiction
203,218,Twenties Girl,42.8,2,Womens Fiction
204,219,The Undomestic Goddess,45.75,4,Womens Fiction
205,220,The Nanny Diaries (Nanny #1),52.53,5,Womens Fiction
206,221,The Devil Wears Prada (The Devil Wears Prada #1),44.29,1,Womens Fiction
207,222,Something Borrowed (Darcy & Rachel #1),48.96,5,Womens Fiction
208,224,I've Got Your Number,19.69,3,Womens Fiction
209,225,The Edge of Reason (Bridget Jones #2),19.18,3,Womens Fiction
210,226,Bridget Jones's Diary (Bridget Jones #1),29.82,1,Womens Fiction
211,228,Private Paris (Private #10),47.61,5,Fiction
212,229,"We Love You, Charlie Freeman",50.27,5,Fiction
213,230,Thirst,17.27,3,Fiction
214,231,The Murder That Never Was (Forensic Instincts #5),54.11,3,Fiction
215,232,Tuesday Nights in 1980,21.04,2,Fiction
216,233,The Vacationers,42.15,4,Fiction
217,234,The Regional Office Is Under Attack!,51.36,5,Fiction
218,235,Finders Keepers (Bill Hodges Trilogy #2),53.53,5,Fiction
219,236,The Time Keeper,27.88,5,Fiction
220,237,The Testament of Mary,52.67,4,Fiction
221,238,The First Hostage (J.B. Collins #2),25.85,3,Fiction
222,239,Take Me with You,45.21,3,Fiction
223,240,Still Life with Bread Crumbs,26.41,3,Fiction
224,241,Shtum,55.84,4,Fiction
225,242,My Name Is Lucy Barton,41.56,1,Fiction
226,243,My Mrs. Brown,24.48,3,Fiction
227,244,Mr. Mercedes (Bill Hodges Trilogy #1),28.9,1,Fiction
228,245,I Am Pilgrim (Pilgrim #1),10.6,3,Fiction
229,246,Eligible (The Austen Project #4),27.09,3,Fiction
230,247,Eight Hundred Grapes,14.39,3,Fiction
231,248,Dear Mr. Knightley,11.21,3,Fiction
232,249,Cometh the Hour (The Clifton Chronicles #6),25.01,3,Fiction
233,250,Balloon Animals,17.03,3,Fiction
234,251,A Man Called Ove,39.72,1,Fiction
235,252,The Silent Sister (Riley MacPherson #1),46.29,5,Fiction
236,255,Mothering Sunday,13.34,3,Fiction
237,256,Lies and Other Acts of Love,45.14,1,Fiction
238,257,Daredevils,16.34,3,Fiction
239,258,11/22/63,48.48,3,Fiction
240,259,The Shack,28.03,1,Fiction
241,262,Hystopia: A Novel,21.96,4,Fiction
242,263,The Bourne Identity (Jason Bourne #1),42.78,4,Fiction
243,264,Sister Dear,40.2,4,Fiction
244,265,Memoirs of a Geisha,49.67,3,Fiction
245,266,Me Before You (Me Before You #1),19.02,3,Fiction
246,267,Deception Point,40.32,4,Fiction
247,268,The Little Paris Bookshop,24.73,3,Fiction
248,269,The Firm,45.56,3,Fiction
249,270,The Expatriates,44.58,2,Fiction
250,271,Siddhartha,34.22,5,Fiction
251,272,Last One Home (New Beginnings #1),59.98,3,Fiction
252,273,Digital Fortress,58.0,5,Fiction
253,274,Atlas Shrugged,26.58,5,Fiction
254,275,Three-Martini Lunch,23.21,3,Fiction
255,276,The Nightingale,26.26,4,Fiction
256,277,The Infinities,27.41,1,Fiction
257,278,The Husband's Secret,52.51,5,Fiction
258,279,The Da Vinci Code (Robert Langdon #2),22.96,2,Fiction
259,280,The Art of Fielding,22.1,1,Fiction
260,281,Lila (Gilead #3),12.47,3,Fiction
261,282,Jurassic Park (Jurassic Park #1),44.97,1,Fiction
262,283,Inferno (Robert Langdon #4),41.0,5,Fiction
263,284,Crazy Rich Asians (Crazy Rich Asians #1),49.13,5,Fiction
264,285,Big Little Lies,22.11,1,Fiction
265,286,The Course of Love,16.78,3,Fiction
266,287,When I'm Gone,51.96,3,Fiction
267,288,The Silent Wife,12.34,3,Fiction
268,289,The Bette Davis Club,30.66,3,Fiction
269,290,Kitchens of the Great Midwest,57.2,5,Fiction
270,291,Bright Lines,39.07,5,Fiction
271,292,Birdsong: A Story in Pictures,54.64,3,Childrens
272,293,The Bear and the Piano,36.89,1,Childrens
273,295,The White Cat and the Monk: A Retelling of the Poem âPangur BÃ¡nâ,58.08,4,Childrens
274,296,Little Red,13.47,3,Childrens
275,297,Walt Disney's Alice in Wonderland,12.96,3,Childrens
276,298,Twenty Yawns,22.08,2,Childrens
277,299,Rain Fish,23.57,3,Childrens
278,300,Once Was a Time,18.28,3,Childrens
279,301,Luis Paints the World,53.95,3,Childrens
280,302,Nap-a-Roo,25.08,1,Childrens
281,303,The Whale,35.96,4,Childrens
282,304,"Shrunken Treasures: Literary Classics, Short, Sweet, and Silly",52.87,3,Childrens
283,305,Raymie Nightingale,34.41,2,Childrens
284,306,Playing from the Heart,32.38,1,Childrens
285,307,Maybe Something Beautiful: How Art Transformed a Neighborhood,22.54,1,Childrens
286,308,The Wild Robot,56.07,3,Childrens
287,309,The Thing About Jellyfish,48.77,1,Childrens
288,310,The Lonely Ones,43.59,5,Childrens
289,311,The Day the Crayons Came Home (Crayons),26.33,5,Childrens
290,312,The Cat in the Hat (Beginner Books B-1),16.26,3,Childrens
291,313,Red: The True Story of Red Riding Hood,28.54,3,Childrens
292,314,Horrible Bear!,37.52,2,Childrens
293,315,Green Eggs and Ham (Beginner Books B-16),10.79,3,Childrens
294,316,Counting Thyme,10.62,3,Childrens
295,317,Are We There Yet?,10.66,3,Childrens
296,318,Diary of a Minecraft Zombie Book 1: A Scare of a Dare (An Unofficial Minecraft Book),52.88,4,Childrens
297,319,Matilda,28.34,1,Childrens
298,320,Charlie and the Chocolate Factory (Charlie Bucket #1),22.85,3,Childrens
299,321,"Don't Be a Jerk: And Other Practical Advice from Dogen, Japan's Greatest Zen Master",37.97,2,Religion
300,322,You Are What You Love: The Spiritual Power of Habit,21.87,4,Religion
301,323,God: The Most Unpleasant Character in All Fiction,30.03,5,Religion
302,324,The Book of Mormon,24.57,3,Religion
303,325,"A History of God: The 4,000-Year Quest of Judaism, Christianity, and Islam",27.62,1,Religion
304,326,The Bhagavad Gita,57.49,3,Religion
305,327,Choosing Our Religion: The Spiritual Lives of America's Nones,28.42,4,Religion
306,328,Worlds Elsewhere: Journeys Around Shakespeareâs Globe,40.3,5,Nonfiction
307,329,The Five Love Languages: How to Express Heartfelt Commitment to Your Mate,31.05,3,Nonfiction
308,330,Reasons to Stay Alive,26.41,2,Nonfiction
309,331,#HigherSelfie: Wake Up Your Life. Free Your Soul. Find Your Tribe.,23.11,5,Nonfiction
310,332,"Unseen City: The Majesty of Pigeons, the Discreet Charm of Snails & Other Wonders of the Urban Wilderness",44.18,4,Nonfiction
311,333,Throwing Rocks at the Google Bus: How Growth Became the Enemy of Prosperity,31.12,3,Nonfiction
312,334,The Life-Changing Magic of Tidying Up: The Japanese Art of Decluttering and Organizing,16.77,3,Nonfiction
313,335,The Gutsy Girl: Escapades for Your Life of Epic Adventure,37.13,1,Nonfiction
314,337,Spark Joy: An Illustrated Master Class on the Art of Organizing and Tidying Up,41.83,4,Nonfiction
315,338,Reskilling America: Learning to Labor in the Twenty-First Century,19.83,3,Nonfiction
316,339,In the Country We Love: My Family Divided,22.0,4,Nonfiction
317,341,Call the Nurse: True Stories of a Country Nurse on a Scottish Isle,29.14,5,Nonfiction
318,342,Algorithms to Live By: The Computer Science of Human Decisions,30.81,1,Nonfiction
319,343,The Power of Now: A Guide to Spiritual Enlightenment,43.54,2,Nonfiction
320,344,The Omnivore's Dilemma: A Natural History of Four Meals,38.21,2,Nonfiction
321,345,The Genius of Birds,17.24,3,Nonfiction
322,346,The Artist's Way: A Spiritual Path to Higher Creativity,38.49,5,Nonfiction
323,347,So You've Been Publicly Shamed,12.23,3,Nonfiction
324,348,"Daring Greatly: How the Courage to Be Vulnerable Transforms the Way We Live, Love, Parent, and Lead",19.43,3,Nonfiction
325,349,Big Magic: Creative Living Beyond Fear,30.8,3,Nonfiction
326,350,Becoming Wise: An Inquiry into the Mystery and Art of Living,27.43,2,Nonfiction
327,351,Agnostic: A Spirited Manifesto,12.51,3,Nonfiction
328,352,Whole Lotta Creativity Going On: 60 Fun and Unusual Exercises to Awaken and Strengthen Your Creativity,38.2,4,Nonfiction
329,353,What's It Like in Space?: Stories from Astronauts Who've Been There,19.6,3,Nonfiction
330,354,The Year of Magical Thinking,43.04,2,Nonfiction
331,355,The Literature Book (Big Ideas Simply Explained),17.43,3,Nonfiction
332,356,The Bad-Ass Librarians of Timbuktu: And Their Race to Save the Worldâs Most Precious Manuscripts,15.77,3,Nonfiction
333,357,Swell: A Year of Waves,45.58,1,Nonfiction
334,358,No Dream Is Too High: Life Lessons From a Man Who Walked on the Moon,21.95,2,Nonfiction
335,359,Looking for Lovely: Collecting the Moments that Matter,29.14,5,Nonfiction
336,360,Let It Out: A Journey Through Journaling,26.79,5,Nonfiction
337,361,Hamilton: The Revolution,58.79,3,Nonfiction
338,362,"Far & Away: Places on the Brink of Change: Seven Continents, Twenty-Five Years",15.06,3,Nonfiction
339,363,"Eaternity: More than 150 Deliciously Easy Vegan Recipes for a Long, Healthy, Satisfied, Joyful Life",51.75,5,Nonfiction
340,364,Buying In: The Secret Dialogue Between What We Buy and Who We Are,37.8,4,Nonfiction
341,365,Brain on Fire: My Month of Madness,49.32,5,Nonfiction
342,366,Abstract City,56.37,5,Nonfiction
343,367,13 Hours: The Inside Account of What Really Happened In Benghazi,27.06,1,Nonfiction
344,368,The Lonely City: Adventures in the Art of Being Alone,33.26,2,Nonfiction
345,369,The Diary of a Young Girl,59.9,3,Nonfiction
346,370,Snatched: How A Drug Queen Went Undercover for the DEA and Was Kidnapped By Colombian Guerillas,21.21,3,Nonfiction
347,371,Furiously Happy: A Funny Book About Horrible Things,41.46,4,Nonfiction
348,372,"The Sleep Revolution: Transforming Your Life, One Night at a Time",11.68,3,Nonfiction
349,373,"Mother, Can You Not?",16.89,3,Nonfiction
350,374,A Mother's Reckoning: Living in the Aftermath of Tragedy,19.53,3,Nonfiction
351,375,"10% Happier: How I Tamed the Voice in My Head, Reduced Stress Without Losing My Edge, and Found Self-Help That Actually Works",24.57,2,Nonfiction
352,376,Chernobyl 01:23:40: The Incredible True Story of the World's Worst Nuclear Disaster,35.92,2,Nonfiction
353,377,"Zero to One: Notes on Startups, or How to Build the Future",34.06,3,Nonfiction
354,378,Why Not Me?,17.76,3,Nonfiction
355,379,When Breath Becomes Air,39.36,2,Nonfiction
356,380,"The Midnight Assassin: Panic, Scandal, and the Hunt for America's First Serial Killer",28.45,4,Nonfiction
357,381,Smarter Faster Better: The Secrets of Being Productive in Life and Business,38.89,5,Nonfiction
358,382,Rising Strong,21.82,3,Nonfiction
359,383,Man's Search for Meaning,29.48,3,Nonfiction
360,384,"Love That Boy: What Two Presidents, Eight Road Trips, and My Son Taught Me About a Parent's Expectations",25.06,2,Nonfiction
361,385,Living Forward: A Proven Plan to Stop Drifting and Get the Life You Want,12.55,3,Nonfiction
362,386,I Will Find You,44.21,1,Nonfiction
363,387,Brazen: The Courage to Find the You That's Been Hiding,19.22,3,Nonfiction
364,388,Between the World and Me,56.91,4,Nonfiction
365,389,Being Mortal: Medicine and What Matters in the End,55.06,4,Nonfiction
366,390,"A Murder Over a Girl: Justice, Gender, Junior High",13.2,3,Nonfiction
367,391,For the Love: Fighting for Grace in a World of Impossible Standards,45.13,3,Nonfiction
368,392,Finding God in the Ruins: How God Redeems Pain,46.64,2,Nonfiction
369,393,The Man Who Mistook His Wife for a Hat and Other Clinical Tales,59.45,4,Nonfiction
370,394,In Cold Blood,49.98,4,Nonfiction
371,395,"Girl, Interrupted",42.14,3,Nonfiction
372,396,Why Save the Bankers?: And Other Essays on Our Economic and Political Crisis,48.67,2,Nonfiction
373,397,Talking to Girls About Duran Duran: One Young Man's Quest for True Love and a Cooler Haircut,25.15,4,Nonfiction
374,398,My Mother Was Nuts,31.63,4,Nonfiction
375,399,"Data, A Love Story: How I Gamed Online Dating to Meet My Match",32.35,3,Nonfiction
376,400,The Jazz of Physics: The Secret Link Between Music and the Structure of the Universe,38.71,3,Nonfiction
377,401,The Gunning of America: Business and the Making of American Gun Culture,16.81,3,Nonfiction
378,402,The Geography of Bliss: One Grump's Search for the Happiest Places in the World,28.23,2,Nonfiction
379,403,God Is Not Great: How Religion Poisons Everything,27.8,1,Nonfiction
380,404,We the People: The Modern-Day Figures Who Have Reshaped and Affirmed the Founding Fathers' Vision of America,31.95,3,Nonfiction
381,405,Very Good Lives: The Fringe Benefits of Failure and the Importance of Imagination,50.66,3,Nonfiction
382,407,Under the Banner of Heaven: A Story of Violent Faith,30.0,1,Nonfiction
383,409,The Name of God is Mercy,37.25,2,Nonfiction
384,410,Stiff: The Curious Lives of Human Cadavers,36.74,3,Nonfiction
385,411,Spilled Milk: Based on a True Story,49.51,1,Nonfiction
386,412,"Rise of the Rocket Girls: The Women Who Propelled Us, from Missiles to the Moon to Mars",41.67,4,Nonfiction
387,413,Outliers: The Story of Success,14.16,3,Nonfiction
388,414,Notes from a Small Island (Notes From a Small Island #1),40.17,1,Nonfiction
389,415,Night (The Night Trilogy #1),13.51,3,Nonfiction
390,417,Letter to a Christian Nation,22.2,1,Nonfiction
391,418,Let's Pretend This Never Happened: A Mostly True Memoir,45.11,1,Nonfiction
392,419,It's Never Too Late to Begin Again: Discovering Creativity and Meaning at Midlife and Beyond,42.38,1,Nonfiction
393,420,Into the Wild,56.7,5,Nonfiction
394,421,"In the Garden of Beasts: Love, Terror, and an American Family in Hitler's Berlin",28.85,3,Nonfiction
395,422,I Am Malala: The Girl Who Stood Up for Education and Was Shot by the Taliban,28.88,2,Nonfiction
396,423,Gratitude,26.66,5,Nonfiction
397,424,Disrupted: My Misadventure in the Start-Up Bubble,15.28,3,Nonfiction
398,425,Brave Enough,51.32,5,Nonfiction
399,426,"Born to Run: A Hidden Tribe, Superathletes, and the Greatest Race the World Has Never Seen",27.35,2,Nonfiction
400,427,Blink: The Power of Thinking Without Thinking,21.74,5,Nonfiction
401,428,Black Flags: The Rise of ISIS,40.87,1,Nonfiction
402,430,A Walk in the Woods: Rediscovering America on the Appalachian Trail,30.48,4,Nonfiction
403,431,"The Suffragettes (Little Black Classics, #96)",11.89,3,Nonfiction
404,432,Kindle Paperwhite User's Guide,34.0,3,Nonfiction
405,433,H is for Hawk,57.42,5,Nonfiction
406,434,Travels with Charley: In Search of America,57.82,5,Nonfiction
407,435,The Tumor,41.56,5,Nonfiction
408,436,The End of the Jesus Era (An Investigation #1),14.4,3,Nonfiction
409,437,"Eat, Pray, Love",51.32,3,Nonfiction
410,438,Rip it Up and Start Again,35.02,5,Music
411,439,"Our Band Could Be Your Life: Scenes from the American Indie Underground, 1981-1991",57.25,3,Music
412,440,How Music Works,37.32,2,Music
413,441,Love Is a Mix Tape (Music #1),18.03,3,Music
414,442,Please Kill Me: The Uncensored Oral History of Punk,31.19,4,Music
415,443,Kill 'Em and Leave: Searching for James Brown and the American Soul,45.05,5,Music
416,445,This Is Your Brain on Music: The Science of a Human Obsession,38.4,1,Music
417,446,"Orchestra of Exiles: The Story of Bronislaw Huberman, the Israel Philharmonic, and the One Thousand Jews He Saved from Nazi Horrors",12.36,3,Music
418,447,No One Here Gets Out Alive,20.02,5,Music
419,448,Life,31.58,5,Music
420,450,Forever Rockers (The Rocker #12),28.8,3,Music
421,451,"The Coming Woman: A Novel Based on the Life of the Infamous Feminist, Victoria Woodhull",17.93,3,Default
422,452,The Boys in the Boat: Nine Americans and Their Epic Quest for Gold at the 1936 Berlin Olympics,22.6,4,Default
423,453,"Starving Hearts (Triangular Trade Trilogy, #1)",13.99,3,Default
424,454,America's Cradle of Quarterbacks: Western Pennsylvania's Football Factory from Johnny Unitas to Joe Montana,22.5,3,Default
425,455,Aladdin and His Wonderful Lamp,53.13,3,Default
426,456,Penny Maybe,33.29,3,Default
427,457,Maude (1883-1993):She Grew Up with the country,18.02,3,Default
428,458,"The Inefficiency Assassin: Time Management Tactics for Working Smarter, Not Longer",20.59,5,Default
429,459,Soul Reader,39.58,2,Default
430,460,Bossypants,49.46,2,Default
431,461,A World of Flavor: Your Gluten Free Passport,42.95,1,Default
432,462,"A Piece of Sky, a Grain of Rice: A Memoir in Four Meditations",56.76,5,Default
433,463,Tracing Numbers on a Train,41.6,3,Default
434,465,The Secret (The Secret #1),27.37,4,Default
435,466,The Psychopath Test: A Journey Through the Madness Industry,36.0,2,Default
436,467,The Kite Runner,41.82,4,Default
437,469,The Emerald Mystery,23.15,2,Default
438,470,The Bridge to Consciousness: I'm Writing the Bridge Between Science and Our Old and New Beliefs.,32.0,3,Default
439,471,The Art of War,33.34,5,Default
440,472,Secrets and Lace (Fatal Hearts #1),20.27,1,Default
441,473,Romero and Juliet: A Tragic Tale of Love and Zombies,36.94,1,Default
442,474,Poses for Artists Volume 1 - Dynamic and Sitting Poses: An Essential Reference for Figure Drawing and the Human Form,41.06,1,Default
443,475,Miss Peregrineâs Home for Peculiar Children (Miss Peregrineâs Peculiar Children #1),10.76,3,Default
444,476,Large Print Heart of the Pride,19.15,3,Default
445,477,Grumbles,22.16,2,Default
446,478,First Steps for New Christians (Print Edition),29.0,1,Default
447,479,Eureka Trivia 6.0,54.59,4,Default
448,480,Drive: The Surprising Truth About What Motivates Us,34.95,4,Default
449,481,Done Rubbed Out (Reightman & Bailey #1),37.72,5,Default
450,482,Beauty Restored (Riley Family Legacy Novellas #3),11.11,3,Default
451,483,Ayumi's Violin,15.48,3,Default
452,484,Anonymous,46.82,4,Default
453,485,Amy Meets the Saints and Sages,18.46,3,Default
454,486,Amatus,50.54,5,Default
455,487,V for Vendetta (V for Vendetta Complete),37.1,4,Default
456,488,"Unbroken: A World War II Story of Survival, Resilience, and Redemption",45.95,2,Default
457,489,The Wright Brothers,56.8,4,Default
458,490,The Songs of the Gods,44.48,5,Default
459,492,The Power of Habit: Why We Do What We Do in Life and Business,16.88,3,Default
460,493,Steve Jobs,39.5,5,Default
461,494,Luckiest Girl Alive,49.83,3,Default
462,495,"Living Leadership by Insight: A Good Leader Achieves, a Great Leader Builds Monuments",46.91,4,Default
463,496,Lady Midnight (The Dark Artifices #1),16.28,3,Default
464,497,"Hush, Hush (Hush, Hush #1)",47.02,3,Default
465,498,Greek Mythic History,10.23,3,Default
466,499,Every Last Word,46.47,3,Default
467,500,Daily Fantasy Sports,36.58,1,Default
468,501,Clockwork Angel (The Infernal Devices #1),44.14,1,Default
469,502,City of Fallen Angels (The Mortal Instruments #4),11.23,3,Default
470,503,City of Bones (The Mortal Instruments #1),43.28,1,Default
471,504,City of Ashes (The Mortal Instruments #2),47.27,1,Default
472,505,"Carry On, Warrior: Thoughts on Life Unarmed",31.85,3,Default
473,506,Carrie,46.23,2,Default
474,507,Angels & Demons (Robert Langdon #1),51.48,3,Default
475,508,"The Three Searches, Meaning, and the Story",13.33,3,Default
476,509,Raspberry Pi Electronics Projects for the Evil Genius,49.67,4,Default
477,510,How to Speak Golf: An Illustrated Guide to Links Lingo,58.32,5,Default
478,511,Eleanor & Park,56.51,5,Default
479,512,Troublemaker: Surviving Hollywood and Scientology,48.39,2,Default
480,513,Adultery,20.88,5,Default
481,514,Unlimited Intuition Now,58.87,4,Default
482,515,Underlying Notes,11.82,3,Default
483,516,The New Brand You: Your New Image Makes the Sale for You,44.05,5,Default
484,517,The Flowers Lied,16.68,3,Default
485,518,"NaNo What Now? Finding your editing process, revising your NaNoWriMo book and building a writing career through publishing and beyond",10.41,3,Default
486,519,Modern Day Fables,47.44,2,Default
487,520,The Unlikely Pilgrimage of Harold Fry (Harold Fry #1),43.62,5,Default
488,521,The Martian (The Martian #1),41.39,2,Default
489,522,Left Behind (Left Behind #1),40.72,2,Default
490,523,John Vassos: Industrial Design for Modern Life,20.22,4,Default
491,526,Ender's Game (The Ender Quintet #1),43.64,1,Default
492,527,Death by Leisure: A Cautionary Tale,37.51,4,Default
493,528,Wildlife of New York: A Five-Borough Coloring Book,22.14,2,Default
494,529,The Year of Living Biblically: One Man's Humble Quest to Follow the Bible as Literally as Possible,34.72,1,Default
495,530,The Great Gatsby,36.05,4,Default
496,531,The Good Girl,49.03,3,Default
497,532,The 7 Habits of Highly Effective People: Powerful Lessons in Personal Change,33.17,4,Default
498,533,Steal Like an Artist: 10 Things Nobody Told You About Being Creative,20.9,2,Default
499,534,Life of Pi,13.22,3,Default
500,535,The Sound Of Love,57.84,5,Default
501,536,The Perks of Being a Wallflower,55.02,3,Default
502,537,The Makings of a Fatherless Child,31.58,2,Default
503,538,The Hobbit (Middle-Earth Universe),17.8,3,Default
504,539,The Fellowship of the Ring (The Lord of the Rings #1),10.27,3,Default
505,540,Ship Leaves Harbor: Essays on Travel by a Recovering Journeyman,30.6,3,Default
506,541,Musicophilia: Tales of Music and the Brain,46.58,1,Default
507,542,What If?: Serious Scientific Answers to Absurd Hypothetical Questions,53.68,4,Default
508,543,The Fault in Our Stars,47.22,1,Default
509,544,The Dream Thieves (The Raven Cycle #2),34.5,1,Default
510,545,The 5th Wave (The 5th Wave #1),11.83,3,Default
511,546,Shiver (The Wolves of Mercy Falls #1),16.23,3,Default
512,547,Remember Me?,11.48,3,Default
513,548,If I Stay (If I Stay #1),38.13,5,Default
514,549,I Know Why the Caged Bird Sings (Maya Angelou's Autobiography #1),36.55,2,Default
515,550,Harry Potter and the Deathly Hallows (Harry Potter #7),23.32,1,Default
516,551,Fool Me Once,16.96,3,Default
517,552,Drama,38.7,2,Default
518,553,"Blue Lily, Lily Blue (The Raven Cycle #3)",34.13,5,Default
519,554,Alight (The Generations Trilogy #2),58.59,4,Default
520,555,Vogue Colors A to Z: A Fashion Coloring Book,52.35,4,Default
521,556,The Shining (The Shining #1),27.88,3,Default
522,557,The Hunger Games (The Hunger Games #1),29.85,5,Default
523,558,Outlander (Outlander #1),19.67,3,Default
524,559,Mockingjay (The Hunger Games #3),20.44,4,Default
525,560,Harry Potter and the Sorcerer's Stone (Harry Potter #1),13.9,3,Default
526,561,Confessions of a Shopaholic (Shopaholic #1),48.94,2,Default
527,562,Zero History (Blue Ant #3),34.77,1,Default
528,563,World War Z: An Oral History of the Zombie War,21.8,1,Default
529,564,Wild: From Lost to Found on the Pacific Crest Trail,46.02,3,Default
530,565,"Where'd You Go, Bernadette",18.13,3,Default
531,566,Twilight (Twilight #1),41.93,2,Default
532,567,The Paris Wife,36.8,3,Default
533,568,The Maze Runner (The Maze Runner #1),20.93,1,Default
534,570,The Goldfinch,43.58,3,Default
535,571,The Giver (The Giver Quartet #1),12.3,3,Default
536,572,The Girl Who Played with Fire (Millennium Trilogy #2),22.14,2,Default
537,573,The Demon-Haunted World: Science as a Candle in the Dark,52.25,4,Default
538,575,The Autobiography of Malcolm X,23.43,2,Default
539,576,Shopaholic & Baby (Shopaholic #5),46.45,2,Default
540,577,Quiet: The Power of Introverts in a World That Can't Stop Talking,43.55,1,Default
541,579,Orange Is the New Black,24.61,2,Default
542,580,One for the Money (Stephanie Plum #1),32.87,2,Default
543,581,Morning Star (Red Rising #3),29.4,1,Default
544,582,Life After Life,26.13,2,Default
545,583,"Lean In: Women, Work, and the Will to Lead",25.02,1,Default
546,584,Is Everyone Hanging Out Without Me? (And Other Concerns),20.11,3,Default
547,585,Gone Girl,37.6,5,Default
548,586,Fellside,38.62,1,Default
549,587,Eclipse (Twilight #3),18.74,3,Default
550,588,Dracula,52.62,3,Default
551,589,Dead Wake: The Last Crossing of the Lusitania,39.24,5,Default
552,590,"David and Goliath: Underdogs, Misfits, and the Art of Battling Giants",17.81,3,Default
553,591,Dark Places,23.9,5,Default
554,592,Breaking Dawn (Twilight #4),35.28,5,Default
555,593,Beautiful Creatures (Caster Chronicles #1),21.55,5,Default
556,594,A Visit from the Goon Squad,14.08,3,Default
557,595,The Zombie Room,19.69,3,Default
558,596,The Name of the Wind (The Kingkiller Chronicle #1),50.59,3,Default
559,597,Taking Shots (Assassins #1),18.88,3,Default
560,598,Shatter Me (Shatter Me #1),42.4,1,Default
561,599,Paradise Lost (Paradise #1),24.96,1,Default
562,600,On the Road (Duluoz Legend),32.36,3,Default
563,601,Jane Eyre,38.43,5,Default
564,602,Frankenstein,38.0,2,Default
565,603,Mesaerion: The Best Science Fiction Stories 1800-1849,37.59,1,Science Fiction
566,604,Join,35.67,5,Science Fiction
567,605,"William Shakespeare's Star Wars: Verily, A New Hope (William Shakespeare's Star Wars #4)",43.3,4,Science Fiction
568,606,The Project,10.65,3,Science Fiction
569,607,Soft Apocalypse,26.12,2,Science Fiction
570,608,Sleeping Giants (Themis Files #1),48.74,1,Science Fiction
571,609,Arena,21.36,4,Science Fiction
572,610,Foundation (Foundation (Publication Order) #1),32.42,1,Science Fiction
573,611,The Restaurant at the End of the Universe (Hitchhiker's Guide to the Galaxy #2),10.92,3,Science Fiction
574,612,Ready Player One,19.07,3,Science Fiction
575,613,"Life, the Universe and Everything (Hitchhiker's Guide to the Galaxy #3)",33.26,2,Science Fiction
576,616,Three Wishes (River of Time: California #1),44.18,2,Science Fiction
577,617,The Last Girl (The Dominion Trilogy #1),36.26,2,Science Fiction
578,618,Having the Barbarian's Baby (Ice Planet Barbarians #7.5),34.96,4,Science Fiction
579,619,The Book of Basketball: The NBA According to The Sports Guy,44.84,5,Sports and Games
580,620,"Friday Night Lights: A Town, a Team, and a Dream",51.22,3,Sports and Games
581,621,Sugar Rush (Offensive Line #2),24.42,1,Sports and Games
582,622,Settling the Score (The Summer Games #1),44.91,2,Sports and Games
583,623,Icing (Aces Hockey #2),40.44,4,Sports and Games
584,624,The Torch Is Passed: A Harding Family Story,19.09,3,Add a comment
585,625,"The Mindfulness and Acceptance Workbook for Anxiety: A Guide to Breaking Free from Anxiety, Phobias, and Worry Using Acceptance and Commitment Therapy",23.89,4,Add a comment
586,626,The Art Forger,40.76,3,Add a comment
587,627,On a Midnight Clear,14.07,3,Add a comment
588,629,"Shobu Samurai, Project Aryoku (#3)",29.06,3,Add a comment
589,630,Modern Romance,28.26,5,Add a comment
590,631,The White Queen (The Cousins' War #1),25.91,5,Add a comment
591,632,The Song of Achilles,37.4,5,Add a comment
592,633,The Immortal Life of Henrietta Lacks,40.67,2,Add a comment
593,634,The Dovekeepers,48.78,1,Add a comment
594,635,More Than Music (Chasing the Dream #1),37.61,2,Add a comment
595,636,Code Name Verity (Code Name Verity #1),22.13,4,Add a comment
596,637,Cell,20.29,4,Add a comment
597,638,Angels Walking (Angels Walking #1),34.2,2,Add a comment
598,640,A People's History of the United States,40.79,2,Add a comment
599,642,Rook,37.86,4,Add a comment
600,643,The Midnight Watch: A Novel of the Titanic and the Californian,26.2,1,Add a comment
601,644,The Gray Rhino: How to Recognize and Act on the Obvious Dangers We Ignore,59.15,4,Add a comment
602,645,The Children,11.88,3,Add a comment
603,646,One with You (Crossfire #5),15.71,3,Add a comment
604,647,Without Shame,48.27,5,Add a comment
605,648,Watchmen,58.05,4,Add a comment
606,649,A Hero's Curse (The Unseen Chronicles #1),50.49,3,Add a comment
607,650,23 Degrees South: A Tropical Tale of Changing Whether...,35.79,2,Add a comment
608,651,The Glass Castle,16.24,3,Add a comment
609,652,The Drowning Girls,35.67,3,Add a comment
610,653,Team of Rivals: The Political Genius of Abraham Lincoln,20.12,5,Add a comment
611,654,John Adams,57.43,4,Add a comment
612,655,Good in Bed (Cannie Shapiro #1),37.05,5,Add a comment
613,656,The Joy of Cooking,43.27,4,Add a comment
614,657,The Golden Compass (His Dark Materials #1),18.77,3,Add a comment
615,658,The God Delusion,46.85,3,Add a comment
616,659,Pride and Prejudice,19.27,3,Add a comment
617,660,Mere Christianity,48.51,3,Add a comment
618,661,Fun Home: A Family Tragicomic,56.59,4,Add a comment
619,662,The Raven King (The Raven Cycle #4),30.57,2,Add a comment
620,663,Find Her (Detective D.D. Warren #8),22.37,1,Add a comment
621,664,Evicted: Poverty and Profit in the American City,42.27,1,Add a comment
622,665,A Game of Thrones (A Song of Ice and Fire #1),46.42,2,Add a comment
623,666,A Clash of Kings (A Song of Ice and Fire #2),10.79,3,Add a comment
624,667,The Tipping Point: How Little Things Can Make a Big Difference,10.02,3,Add a comment
625,668,The Rest Is Noise: Listening to the Twentieth Century,34.77,1,Add a comment
626,669,The Purpose Driven Life: What on Earth Am I Here for?,37.19,3,Add a comment
627,670,The Hitchhiker's Guide to the Galaxy (Hitchhiker's Guide to the Galaxy #1),47.8,3,Add a comment
628,672,"The End of Faith: Religion, Terror, and the Future of Reason",22.13,4,Add a comment
629,673,The Complete Poems,41.32,5,Add a comment
630,674,The Catcher in the Rye,24.55,1,Add a comment
631,675,The Case for Christ (Cases for Christianity),47.84,1,Add a comment
632,676,The Blind Side: Evolution of a Game,53.71,5,Add a comment
633,678,Sarah's Key,46.29,1,Add a comment
634,679,Rogue Lawyer (Rogue Lawyer #1),50.11,3,Add a comment
635,680,Manuscript Found in Accra,34.98,2,Add a comment
636,681,Fire Bound (Sea Haven/Sisters of the Heart #5),21.28,4,Add a comment
637,682,Cosmos,36.17,2,Add a comment
638,684,The Sense of an Ending,31.38,3,Add a comment
639,685,The Republic,33.78,3,Add a comment
640,686,The Odyssey,29.64,3,Add a comment
641,688,The Iliad,16.16,3,Add a comment
642,689,The Communist Manifesto,14.76,3,Add a comment
643,690,Lord of the Flies,24.89,3,Add a comment
644,691,Unicorn Tracks,18.78,3,Fantasy
645,692,"Saga, Volume 6 (Saga (Collected Editions) #6)",25.02,3,Fantasy
646,693,Princess Between Worlds (Wide-Awake Princess #5),13.34,3,Fantasy
647,695,Crown of Midnight (Throne of Glass #2),43.29,3,Fantasy
648,696,"Avatar: The Last Airbender: Smoke and Shadow, Part 3 (Smoke and Shadow #3)",28.09,2,Fantasy
649,698,Throne of Glass (Throne of Glass #1),35.07,3,Fantasy
650,699,The Glittering Court (The Glittering Court #1),44.28,1,Fantasy
651,700,Hollow City (Miss Peregrineâs Peculiar Children #2),42.98,1,Fantasy
652,701,The Star-Touched Queen,46.02,5,Fantasy
653,703,The Bane Chronicles (The Bane Chronicles #1-11),44.73,4,Fantasy
654,704,Island of Dragons (Unwanteds #7),29.65,1,Fantasy
655,705,Demigods & Magicians: Percy and Annabeth Meet the Kanes (Percy Jackson & Kane Chronicles Crossover #1-3),37.51,5,Fantasy
656,706,City of Glass (The Mortal Instruments #3),56.02,4,Fantasy
657,707,Searching for Meaning in Gailana,38.73,1,Fantasy
658,708,The Star-Touched Queen,32.3,5,Fantasy
659,709,A Shard of Ice (The Black Symphony Saga #1),56.63,3,Fantasy
660,710,King's Folly (The Kinsman Chronicles #1),39.61,5,Fantasy
661,711,Every Heart a Doorway (Every Heart A Doorway #1),12.16,3,Fantasy
662,712,A Gathering of Shadows (Shades of Magic #2),44.81,4,Fantasy
663,713,The Raven Boys (The Raven Cycle #1),57.74,4,Fantasy
664,714,The False Prince (The Ascendance Trilogy #1),56.0,5,Fantasy
665,715,Tell the Wind and Fire,45.51,3,Fantasy
666,716,A Feast for Crows (A Song of Ice and Fire #4),17.21,3,Fantasy
667,718,The Beast (Black Dagger Brotherhood #14),46.08,5,Fantasy
668,719,Paper and Fire (The Great Library #2),49.45,5,Fantasy
669,720,Harry Potter and the Order of the Phoenix (Harry Potter #5),31.63,4,Fantasy
670,721,Harry Potter and the Half-Blood Prince (Harry Potter #6),48.75,5,Fantasy
671,722,Harry Potter and the Chamber of Secrets (Harry Potter #2),14.74,3,Fantasy
672,723,The Rose & the Dagger (The Wrath and the Dawn #2),58.64,4,Fantasy
673,724,Soldier (Talon #3),24.72,2,Fantasy
674,726,Heir to the Sky,44.07,4,Fantasy
675,727,Eragon (The Inheritance Cycle #1),43.87,3,Fantasy
676,729,Ash,22.06,4,Fantasy
677,730,A Storm of Swords (A Song of Ice and Fire #3),31.22,2,Fantasy
678,732,The Silent Twin (Detective Jennifer Knight #3),36.25,3,Fantasy
679,733,The Mirror & the Maze (The Wrath and the Dawn #1.5),29.38,1,Fantasy
680,734,Sister Sable (The Mad Queen #1),13.33,3,Fantasy
681,735,Shadow Rites (Jane Yellowrock #10),21.72,4,Fantasy
682,736,Origins (Alphas 0.5),28.99,1,Fantasy
683,738,Myriad (Prentor #1),58.75,4,Fantasy
684,739,Without Borders (Wanderlove #1),45.07,2,New Adult
685,740,The Mistake (Off-Campus #2),43.29,3,New Adult
686,742,The Hook Up (Game On #1),36.29,5,New Adult
687,743,Shameless,58.35,3,New Adult
688,744,Off Sides (Off #1),39.45,5,New Adult
689,745,The Requiem Red,22.65,1,Young Adult
690,746,Set Me Free,17.46,3,Young Adult
691,747,The Natural History of Us (The Fine Art of Pretending #2),45.22,3,Young Adult
692,748,Obsidian (Lux #1),14.86,3,Young Adult
693,749,Burning,28.81,3,Young Adult
694,750,A Fierce and Subtle Poison,28.13,4,Young Adult
695,751,Scarlett Epstein Hates It Here,43.55,5,Young Adult
696,752,"Nightingale, Sing",38.28,1,Young Adult
697,753,Library of Souls (Miss Peregrineâs Peculiar Children #3),48.56,5,Young Adult
698,754,Frostbite (Vampire Academy #2),29.99,5,Young Adult
699,755,Wild Swans,14.36,3,Young Adult
700,756,Until Friday Night (The Field Party #1),46.31,2,Young Adult
701,757,This Is Where It Ends,27.12,2,Young Adult
702,758,The Darkest Lie,35.35,5,Young Adult
703,759,My Kind of Crazy,40.36,1,Young Adult
704,761,Catching Jordan (Hundred Oaks),50.83,3,Young Adult
705,762,Aristotle and Dante Discover the Secrets of the Universe (Aristotle and Dante Discover the Secrets of the Universe #1),58.14,4,Young Adult
706,763,The Epidemic (The Program 0.6),14.44,3,Young Adult
707,764,Stars Above (The Lunar Chronicles #4.5),48.05,2,Young Adult
708,765,No Love Allowed (Dodge Cove #1),54.65,4,Young Adult
709,766,"Exit, Pursued by a Bear",51.34,4,Young Adult
710,768,Don't Forget Steven,33.23,1,Young Adult
711,769,South of Sunshine,28.93,1,Young Adult
712,770,My Life Next Door (My Life Next Door ),36.39,5,Young Adult
713,771,Future Shock (Future Shock #1),55.65,5,Young Adult
714,772,Nightstruck: A Novel,50.35,4,Young Adult
715,774,"Will Grayson, Will Grayson (Will Grayson, Will Grayson)",47.31,4,Young Adult
716,775,Where She Went (If I Stay #2),41.73,4,Young Adult
717,776,Two Summers,14.64,3,Young Adult
718,777,The Darkest Corners,11.33,3,Young Adult
719,778,Tell Me Three Things,41.81,1,Young Adult
720,779,Lola and the Boy Next Door (Anna and the French Kiss #2),23.63,4,Young Adult
721,780,Kill the Boy Band,15.52,3,Young Adult
722,781,Isla and the Happily Ever After (Anna and the French Kiss #3),48.13,5,Young Adult
723,782,An Abundance of Katherines,10.0,3,Young Adult
724,783,Harry Potter and the Prisoner of Azkaban (Harry Potter #3),24.17,4,Young Adult
725,784,Walk the Edge (Thunder Road #2),32.36,3,Young Adult
726,785,Two Boys Kissing,32.74,2,Young Adult
727,786,The New Guy (and Other Senior Year Distractions),44.92,3,Young Adult
728,787,"The Land of 10,000 Madonnas",29.64,4,Young Adult
729,788,Scarlet (The Lunar Chronicles #2),14.57,3,Young Adult
730,789,Legend (Legend #1),43.69,4,Young Adult
731,790,Lady Renegades (Rebel Belle #3),53.04,5,Young Adult
732,791,Golden (Heart of Dread #3),42.21,4,Young Adult
733,792,Cinder (The Lunar Chronicles #1),26.09,1,Young Adult
734,793,Boy Meets Boy,21.12,3,Young Adult
735,794,Annie on My Mind,36.83,5,Young Adult
736,795,New Moon (Twilight #2),12.86,3,Young Adult
737,797,The Haters,27.89,5,Young Adult
738,798,The Art of Not Breathing,40.83,4,Young Adult
739,799,The Most Perfect Thing: Inside (and Outside) a Bird's Egg,42.96,4,Science
740,800,Immunity: How Elie Metchnikoff Changed the Course of Modern Medicine,57.36,5,Science
741,801,Sorting the Beef from the Bull: The Science of Food Fraud Forensics,44.74,4,Science
742,802,Tipping Point for Planet Earth: How Close Are We to the Edge?,37.55,1,Science
743,804,Diary of a Citizen Scientist: Chasing Tiger Beetles and Other New Ways of Engaging the World,28.41,1,Science
744,805,The Origin of Species,10.01,3,Science
745,806,The Grand Design,13.76,3,Science
746,807,Peak: Secrets from the New Science of Expertise,16.28,3,Science
747,808,"The Elegant Universe: Superstrings, Hidden Dimensions, and the Quest for the Ultimate Theory",13.03,3,Science
748,809,"The Disappearing Spoon: And Other True Tales of Madness, Love, and the History of the World from the Periodic Table of the Elements",57.35,5,Science
749,810,"Surely You're Joking, Mr. Feynman!: Adventures of a Curious Character",25.83,2,Science
750,811,Seven Brief Lessons on Physics,30.6,4,Science
751,812,The Selfish Gene,29.45,1,Science
752,813,A Light in the Attic,51.77,3,Poetry
753,815,Shakespeare's Sonnets,20.66,4,Poetry
754,816,Olio,23.88,1,Poetry
755,817,You can't bury them all: Poems,33.63,2,Poetry
756,818,Slow States of Collapse: Poems,57.31,3,Poetry
757,819,Untitled Collection: Sabbath Poems 2014,14.27,3,Poetry
758,820,Poems That Make Grown Women Cry,14.19,3,Poetry
759,821,Night Sky with Exit Wounds,41.05,1,Poetry
760,822,salt.,46.78,4,Poetry
761,823,"Quarter Life Poetry: Poems for the Young, Broke and Hangry",50.89,5,Poetry
762,824,Out of Print: City Lights Spotlight No. 14,53.64,5,Poetry
763,825,Les Fleurs du Mal,29.04,5,Poetry
764,826,Howl and Other Poems,40.45,2,Poetry
765,827,Leave This Song Behind: Teen Poetry at Its Best,51.17,5,Poetry
766,828,The Collected Poems of W.B. Yeats (The Collected Works of W.B. Yeats #1),15.42,3,Poetry
767,829,The Crossover,38.77,4,Poetry
768,830,Booked,17.49,3,Poetry
769,831,Twenty Love Poems and a Song of Despair,30.95,4,Poetry
770,832,"Vampire Knight, Vol. 1 (Vampire Knight #1)",15.4,3,Paranormal
771,833,Wall and Piece,44.18,4,Art
772,834,Feathers: Displays of Brilliant Plumage,49.05,3,Art
773,835,Art and Fear: Observations on the Perils (and Rewards) of Artmaking,48.63,4,Art
774,836,The New Drawing on the Right Side of the Brain,43.02,3,Art
775,837,History of Beauty,10.29,3,Art
776,838,The Story of Art,41.14,4,Art
777,839,The Art Book,32.34,2,Art
778,840,Ways of Seeing,39.51,5,Art
779,841,The Lucifer Effect: Understanding How Good People Turn Evil,10.4,3,Psychology
780,842,The Golden Condom: And Other Essays on Love Lost and Found,39.43,1,Psychology
781,843,It Didn't Start with You: How Inherited Family Trauma Shapes Who We Are and How to End the Cycle,56.27,3,Psychology
782,844,An Unquiet Mind: A Memoir of Moods and Madness,21.3,3,Psychology
783,845,"Thinking, Fast and Slow",21.14,1,Psychology
784,847,8 Keys to Mental Health Through Exercise,31.04,1,Psychology
785,848,The Argonauts,10.93,3,Autobiography
786,849,M Train,27.18,1,Autobiography
787,850,Lab Girl,40.85,1,Autobiography
788,851,Approval Junkie: Adventures in Caring Too Much,58.81,5,Autobiography
789,852,Running with Scissors,12.91,3,Autobiography
790,854,Lust & Wonder,11.87,3,Autobiography
791,855,Life Without a Recipe,59.04,5,Autobiography
792,856,A Heartbreaking Work of Staggering Genius,54.29,5,Autobiography
793,857,Catastrophic Happiness: Finding Joy in Childhood's Messy Years,37.35,2,Parenting
794,858,Fifty Shades Freed (Fifty Shades #3),15.36,3,Adult Fiction
795,859,The Long Haul (Diary of a Wimpy Kid #9),44.07,1,Humor
796,860,Old School (Diary of a Wimpy Kid #10),11.83,3,Humor
797,861,I Know What I'm Doing -- and Other Lies I Tell Myself: Dispatches from a Life Under Construction,25.98,4,Humor
798,862,"Hyperbole and a Half: Unfortunate Situations, Flawed Coping Mechanisms, Mayhem, and Other Things That Happened",14.75,3,Humor
799,863,Dress Your Family in Corduroy and Denim,43.68,3,Humor
800,864,Toddlers Are A**holes: It's Not Your Fault,25.55,1,Humor
801,865,When You Are Engulfed in Flames,30.89,5,Humor
802,866,Naked,31.69,3,Humor
803,867,"Lamb: The Gospel According to Biff, Christ's Childhood Pal",55.5,5,Humor
804,869,Security,39.25,2,Horror
805,870,Follow You Home,21.36,1,Horror
806,871,The Loney,23.4,1,Horror
807,872,Pet Sematary,10.56,3,Horror
808,873,Doctor Sleep (The Shining #2),40.12,2,Horror
809,874,Psycho: Sanitarium (Psycho #1.5),36.97,5,Horror
810,875,Can You Keep a Secret? (Fear Street Relaunch #4),48.64,1,Horror
811,876,Red Dragon (Hannibal Lecter #1),23.37,3,Horror
812,877,Dracula the Un-Dead,35.63,5,Horror
813,878,Night Shift (Night Shift #1-20),12.75,3,Horror
814,879,Needful Things,47.51,4,Horror
815,880,Misery,34.79,2,Horror
816,881,It,25.01,3,Horror
817,882,'Salem's Lot,49.56,4,Horror
818,884,The Girl with All the Gifts,49.47,3,Horror
819,886,Sapiens: A Brief History of Humankind,54.23,5,History
820,887,"Unbound: How Eight Technologies Made Us Human, Transformed Society, and Brought Our World to the Brink",25.52,1,History
821,888,The Age of Genius: The Seventeenth Century and the Birth of the Modern Mind,19.73,3,History
822,889,"Political Suicide: Missteps, Peccadilloes, Bad Calls, Backroom Hijinx, Sordid Pasts, Rotten Breaks, and Just Plain Dumb Mistakes in the Annals of American Politics",36.28,2,History
823,891,Zealot: The Life and Times of Jesus of Nazareth,24.7,3,History
824,892,A Distant Mirror: The Calamitous 14th Century,14.58,3,History
825,893,1491: New Revelations of the Americas Before Columbus,21.8,3,History
826,894,Brilliant Beacons: A History of the American Lighthouse,11.45,3,History
827,895,"""Most Blessed of the Patriarchs"": Thomas Jefferson and the Empire of the Imagination",44.48,5,History
828,896,A Short History of Nearly Everything,52.4,5,History
829,897,The Rise and Fall of the Third Reich: A History of Nazi Germany,39.67,2,History
830,898,Catherine the Great: Portrait of a Woman,58.55,4,History
831,899,The Mathews Men: Seven Brothers and the War Against Hitler's U-boats,42.91,5,History
832,900,The Hiding Place,55.91,4,History
833,902,The Guns of August,14.54,3,History
834,903,"House of Lost Worlds: Dinosaurs, Dynasties, and the Story of Life on Earth",43.7,2,History
835,904,"Foolproof Preserving: A Guide to Small Batch Jams, Jellies, Pickles, Condiments, and More: A Foolproof Guide to Making Small Batch Jams, Jellies, Pickles, Condiments, and More",30.52,3,Food and Drink
836,906,My Paris Kitchen: Recipes and Stories,33.37,2,Food and Drink
837,907,"Mama Tried: Traditional Italian Cooking for the Screwed, Crude, Vegan, and Tattooed",14.02,3,Food and Drink
838,908,"Layered: Baking, Building, and Styling Spectacular Cakes",40.11,1,Food and Drink
839,909,The Nerdy Nummies Cookbook: Sweet Treats for the Geek in All of Us,37.34,5,Food and Drink
840,910,The Love and Lemons Cookbook: An Apple-to-Zucchini Celebration of Impromptu Cooking,37.6,2,Food and Drink
841,911,The Cookies & Cups Cookbook: 125+ sweet & savory recipes reminding you to Always Eat Dessert First,41.25,1,Food and Drink
842,912,"Deliciously Ella Every Day: Quick and Easy Recipes for Gluten-Free Snacks, Packed Lunches, and Simple Meals",42.16,3,Food and Drink
843,913,The Help Yourself Cookbook for Kids: 60 Easy Plant-Based Recipes Kids Can Make to Stay Healthy and Save the Earth,28.77,3,Food and Drink
844,914,"It's All Easy: Healthy, Delicious Weeknight Meals in under 30 Minutes",19.55,3,Food and Drink
845,915,Barefoot Contessa Back to Basics,28.01,1,Food and Drink
846,916,Barefoot Contessa at Home: Everyday Recipes You'll Make Over and Over Again,50.62,5,Food and Drink
847,917,My Kitchen Year: 136 Recipes That Saved My Life,11.53,3,Food and Drink
848,918,Everyday Italian: 125 Simple and Delicious Recipes,20.1,5,Food and Drink
849,919,"A la Mode: 120 Recipes in 60 Pairings: Pies, Tarts, Cakes, Crisps, and More Topped with Ice Cream, Gelato, Frozen Custard, and More",38.77,1,Food and Drink
850,920,Cravings: Recipes for What You Want to Eat,20.5,3,Food and Drink
851,921,"The Moosewood Cookbook: Recipes from Moosewood Restaurant, Ithaca, New York",12.34,3,Food and Drink
852,923,"Naturally Lean: 125 Nourishing Gluten-Free, Plant-Based Recipes--All Under 300 Calories",11.38,3,Food and Drink
853,924,How to Cook Everything Vegetarian: Simple Meatless Recipes for Great Food (How to Cook Everything),46.01,4,Food and Drink
854,925,How to Be a Domestic Goddess: Baking and the Art of Comfort Cooking,28.25,2,Food and Drink
855,926,The Barefoot Contessa Cookbook,59.92,5,Food and Drink
856,927,Better Homes and Gardens New Cook Book,39.61,3,Food and Drink
857,928,The Power Greens Cookbook: 140 Delicious Superfood Recipes,11.05,3,Food and Drink
858,929,Mexican Today: New and Rediscovered Recipes for Contemporary Kitchens,24.91,5,Food and Drink
859,930,Vegan Vegetarian Omnivore: Dinner for Everyone at the Table,13.66,3,Food and Drink
860,931,The Smitten Kitchen Cookbook,23.59,1,Food and Drink
861,932,"The Art of Simple Food: Notes, Lessons, and Recipes from a Delicious Revolution",34.32,3,Food and Drink
862,933,Hungry Girl Clean & Hungry: Easy All-Natural Recipes for Healthy Eating in the Real World,33.14,3,Food and Drink
863,934,Redeeming Love,20.47,5,Christian Fiction
864,935,Close to You,49.46,4,Christian Fiction
865,936,Shadows of the Past (Logan Point #1),39.67,5,Christian Fiction
866,937,Like Never Before (Walker Family #2),28.77,2,Christian Fiction
867,938,Counted With the Stars (Out from Egypt #1),17.97,3,Christian Fiction
868,939,If I Run (If I Run #1),49.97,4,Christian Fiction
869,940,The Dirty Little Secrets of Getting Your Dream Job,33.34,4,Business
870,941,The Third Wave: An Entrepreneurâs Vision of the Future,12.61,3,Business
871,942,The 10% Entrepreneur: Live Your Startup Dream Without Quitting Your Day Job,27.55,3,Business
872,943,Shoe Dog: A Memoir by the Creator of NIKE,23.99,2,Business
873,944,Made to Stick: Why Some Ideas Survive and Others Die,38.85,5,Business
874,945,Quench Your Own Thirst: Business Lessons Learned Over a Beer or Two,43.14,1,Business
875,946,The Art of Startup Fundraising,21.0,3,Business
876,947,Born for This: How to Find the Work You Were Meant to Do,21.59,5,Business
877,948,The E-Myth Revisited: Why Most Small Businesses Don't Work and What to Do About It,36.91,1,Business
878,950,The Lean Startup: How Today's Entrepreneurs Use Continuous Innovation to Create Radically Successful Businesses,33.92,3,Business
879,951,Rework,44.88,2,Business
880,952,Louisa: The Extraordinary Life of Mrs. Adams,16.85,3,Biography
881,953,"Setting the World on Fire: The Brief, Astonishing Life of St. Catherine of Siena",21.15,2,Biography
882,954,The Faith of Christopher Hitchens: The Restless Soul of the World's Most Notorious Atheist,39.55,1,Biography
883,955,Benjamin Franklin: An American Life,48.19,3,Biography
884,956,The Rise of Theodore Roosevelt (Theodore Roosevelt #1),42.57,3,Biography
885,957,In Her Wake,12.84,3,Thriller
886,958,The Elephant Tree,23.82,5,Thriller
887,959,Behind Closed Doors,52.22,4,Thriller
888,960,You (You #1),43.61,5,Thriller
889,961,The Guilty (Will Robie #4),13.82,3,Thriller
890,962,The 14th Colony (Cotton Malone #11),39.24,1,Thriller
891,963,Give It Back,18.32,3,Thriller
892,964,Killing Floor (Jack Reacher #1),31.49,4,Thriller
893,965,The Bone Hunters (Lexy Vaughan & Steven Macaulay #2),59.71,3,Thriller
894,966,Far From True (Promise Falls Trilogy #2),34.93,2,Thriller
895,967,The Travelers,15.77,3,Thriller
896,968,When We Collided,31.77,1,Contemporary
897,969,Someone Like You (The Harrisons #2),52.79,5,Contemporary
898,970,We Are All Completely Beside Ourselves,24.04,1,Contemporary
899,971,The Four Agreements: A Practical Guide to Personal Freedom,17.66,3,Spirituality
900,972,The Activist's Tao Te Ching: Ancient Advice for a Modern Revolution,32.24,5,Spirituality
901,973,Chasing Heaven: What Dying Taught Me About Living,37.8,2,Spirituality
902,974,If I Gave You God's Phone Number....: Searching for Spirituality in America,20.91,1,Spirituality
903,975,Unreasonable Hope: Finding Faith in the God Who Brings Purpose to Your Pain,46.33,2,Spirituality
904,976,A New Earth: Awakening to Your Life's Purpose,55.65,5,Spirituality
905,977,Logan Kade (Fallen Crest High #5.5),13.12,3,Academic
906,978,Online Marketing for Busy Authors: A Step-By-Step Guide,46.35,1,Self Help
907,979,How to Be Miserable: 40 Strategies You Already Use,46.03,1,Self Help
908,980,"Overload: How to Unplug, Unwind, and Unleash Yourself from the Pressure of Stress",52.15,3,Self Help
909,981,You Are a Badass: How to Stop Doubting Your Greatness and Start Living an Awesome Life,12.08,3,Self Help
910,982,How to Stop Worrying and Start Living,46.49,5,Self Help
911,983,All the Light We Cannot See,29.87,5,Historical
912,984,The Girl You Left Behind (The Girl You Left Behind #1),15.79,3,Historical
913,985,(Un)Qualified: How God Uses Broken People to Do Big Things,54.0,5,Christian
914,986,Crazy Love: Overwhelmed by a Relentless God,47.72,2,Christian
915,987,Blue Like Jazz: Nonreligious Thoughts on Christian Spirituality,25.77,1,Christian
916,988,Silence in the Dark (Logan Point #4),58.33,3,Suspense
917,989,The Grownup,35.88,1,Short Stories
918,990,Suzie Snowflake: One beautiful flake (a self-esteem story),54.81,5,Novels
919,991,"The Bulletproof Diet: Lose up to a Pound a Day, Reclaim Energy and Focus, Upgrade Your Life",49.05,3,Health
920,993,10-Day Green Smoothie Cleanse: Lose Up to 15 Pounds in 10 Days!,49.71,5,Health
921,994,The Art and Science of Low Carbohydrate Living,52.98,5,Health
922,996,Why the Right Went Wrong: Conservatism--From Goldwater to the Tea Party and Beyond,52.65,4,Politics
923,998,Amid the Chaos,36.58,1,Cultural
924,999,Dark Notes,19.19,3,Erotica
925,1000,The Long Shadow of Small Ghosts: Murder and Memory in an American City,10.97,3,Crime
926,1001,Newbook1,10.0,3,Newcategory
927,1002,Newbook2,20.0,2,Newcategory
928,1003,Newbook3,30.0,3,Newcategory
929,1004,Newbook4,40.0,4,Newcategory
930,1005,Newbook5,50.0,5,Newcategory
